{
  "dependencies": [
    {
      "version": "1.0.1",
      "assetId": "client-id-required",
      "groupId": "60496e3e-2095-4ec0-a1a7-4c686af10f10",
      "provided": false
    },
    {
      "version": "1.0.2",
      "assetId": "common-header",
      "groupId": "60496e3e-2095-4ec0-a1a7-4c686af10f10",
      "provided": false
    },
    {
      "version": "1.0.1",
      "assetId": "client-id-required",
      "groupId": "60496e3e-2095-4ec0-a1a7-4c686af10f10",
      "provided": false
    },
    {
      "version": "1.0.0",
      "assetId": "jwt-token-required",
      "groupId": "60496e3e-2095-4ec0-a1a7-4c686af10f10",
      "provided": false
    }
  ],
  "version": "1.0.1",
  "originalFormatVersion": "1.0",
  "apiVersion": "v1",
  "descriptorVersion": "1.0.0",
  "classifier": "raml",
  "main": "abc-trading-users-sapi.raml",
  "assetId": "abc-trading-users-sapi",
  "groupId": "60496e3e-2095-4ec0-a1a7-4c686af10f10",
  "organizationId": "60496e3e-2095-4ec0-a1a7-4c686af10f10",
  "name": "abc-trading-users-sapi"
}